﻿<?xml version="1.0" encoding="UTF-8" ?>
<hibernate-configuration xmlns="urn:nhibernate-configuration-2.2">
    <session-factory>
        <property name="connection.connection_string">
            host=test-stock-server.postgres.database.azure.com;port=5432;database=test_weather_db;username=chris@test-stock-server;password=0001aaaB
        </property>
        <property name="dialect">NHibernate.Dialect.PostgreSQL83Dialect</property>
        <property name="connection.driver_class">NHibernate.Driver.NpgsqlDriver</property>
        <property name="show_sql">true</property>
        <property name="format_sql">true</property>
        <property name="adonet.batch_size">10</property>
        <mapping assembly="StockTest" />
    </session-factory>
</hibernate-configuration>